skill_name,skill_id,knowledge_name,knowledge_id,seed_name,seed_id
CAP Cuisine - Mathématiques - La proprie?te? de ge?ome?trie plane,fddae8f4-6649-4572-9775-4e72d520a124,La somme des angles d’un triangle,22688de7-51e8-40c0-ace5-bfb923669ec2,Comment de?terminer la valeur d’un angle d’un triangle connaissant celle des 2 autres angles ?,412ec875-3d25-43e4-a762-589fd57eb3f9
CAP Cuisine - Mathématiques - La proprie?te? de ge?ome?trie plane,fddae8f4-6649-4572-9775-4e72d520a124,La somme des angles d’un triangle,22688de7-51e8-40c0-ace5-bfb923669ec2,le kikikoulili,4e813c98-6f81-4682-88f7-d6972eb21f41
CAP Cuisine - Mathématiques - La proprie?te? de ge?ome?trie plane,fddae8f4-6649-4572-9775-4e72d520a124,La proprie?te? de Pythagore et la re?ciproque,46959345-b59f-4169-9cce-befb8d65289c,Comment identifier un triangle rectangle ?,22b572d1-3fef-446c-aa4c-0e0354d1f963
CAP Cuisine - Mathématiques - La proprie?te? de ge?ome?trie plane,fddae8f4-6649-4572-9775-4e72d520a124,La proprie?te? de Pythagore et la re?ciproque,46959345-b59f-4169-9cce-befb8d65289c,Comment calculer la longueur d’un co?te? d’un triangle rectangle ?,da95cc3d-83cd-43c9-8598-47d93d7bb256
CAP Cuisine - Mathématiques - La proprie?te? de ge?ome?trie plane,fddae8f4-6649-4572-9775-4e72d520a124,La proprie?te? de Pythagore et la re?ciproque,46959345-b59f-4169-9cce-befb8d65289c,Exercice 2,7a638d6b-89cb-4ed7-a555-206edc86264c
CAP Cuisine - Mathématiques - La proprie?te? de ge?ome?trie plane,fddae8f4-6649-4572-9775-4e72d520a124,La proprie?te? de Pythagore et la re?ciproque,46959345-b59f-4169-9cce-befb8d65289c,Corrigé de l'exercice 2,abd6a427-2997-434c-8f04-3fa27db4e5c9
CAP Cuisine - Mathématiques - La proprie?te? de ge?ome?trie plane,fddae8f4-6649-4572-9775-4e72d520a124,La proprie?te? de Pythagore et la re?ciproque,46959345-b59f-4169-9cce-befb8d65289c,Exercice 3,9e990af2-ec08-495a-9bbb-759e349cb998
CAP Cuisine - Mathématiques - La proprie?te? de ge?ome?trie plane,fddae8f4-6649-4572-9775-4e72d520a124,La proprie?te? de Pythagore et la re?ciproque,46959345-b59f-4169-9cce-befb8d65289c,Corrigé de l'exercice 3,3c2514d1-e732-4935-9856-01bd8c1b532a
CAP Cuisine - Mathématiques - La proprie?te? de ge?ome?trie plane,fddae8f4-6649-4572-9775-4e72d520a124,La proprie?te? de Pythagore et la re?ciproque,46959345-b59f-4169-9cce-befb8d65289c,Exercice 4,6a4c76cc-2e1f-4703-9276-7e4a1adfb2d5
CAP Cuisine - Mathématiques - La proprie?te? de ge?ome?trie plane,fddae8f4-6649-4572-9775-4e72d520a124,La proprie?te? de Pythagore et la re?ciproque,46959345-b59f-4169-9cce-befb8d65289c,Corrigé de l'exercice 4,8ccc20c1-8aef-47a6-95b4-a150cbef656b
CAP Cuisine - Mathématiques - La proprie?te? de ge?ome?trie plane,fddae8f4-6649-4572-9775-4e72d520a124,La proprie?te? de Pythagore et la re?ciproque,46959345-b59f-4169-9cce-befb8d65289c,Exercice 5,c77c046e-1fda-4667-9c10-efffd73b1bae
CAP Cuisine - Mathématiques - La proprie?te? de ge?ome?trie plane,fddae8f4-6649-4572-9775-4e72d520a124,La proprie?te? de Pythagore et la re?ciproque,46959345-b59f-4169-9cce-befb8d65289c,Corrigé de l'exercice 5,1a00f157-d4e1-40c5-b19a-20932832ae31
CAP Cuisine - Mathématiques - La proprie?te? de ge?ome?trie plane,fddae8f4-6649-4572-9775-4e72d520a124,La proprie?te? de Thale?s relative au triangle,ee2b410b-103c-4613-84c8-c494b86fdd98,Comment calculer la longueur d’un segment ?,46695ce5-8ae8-43de-aeab-78e3bb858a3a
CAP Cuisine - Mathématiques - La proprie?te? de ge?ome?trie plane,fddae8f4-6649-4572-9775-4e72d520a124,La proprie?te? de Thale?s relative au triangle,ee2b410b-103c-4613-84c8-c494b86fdd98,Exercice 6,822a07cb-21ba-4981-b1b5-e2fc8488b11e
CAP Cuisine - Mathématiques - La proprie?te? de ge?ome?trie plane,fddae8f4-6649-4572-9775-4e72d520a124,La proprie?te? de Thale?s relative au triangle,ee2b410b-103c-4613-84c8-c494b86fdd98,Corrigé de l'exercice 6,96138024-23c2-43f2-861e-f5bc27cbd5c5
CAP Cuisine - Mathématiques - La proprie?te? de ge?ome?trie plane,fddae8f4-6649-4572-9775-4e72d520a124,La proprie?te? de Thale?s relative au triangle,ee2b410b-103c-4613-84c8-c494b86fdd98,Exercice 7,ffc8b7a6-e9fe-4cb2-893b-aa0a11f91d93
CAP Cuisine - Mathématiques - La proprie?te? de ge?ome?trie plane,fddae8f4-6649-4572-9775-4e72d520a124,La proprie?te? de Thale?s relative au triangle,ee2b410b-103c-4613-84c8-c494b86fdd98,Corrigé de l'exercice 7,d5bcd935-f4f3-4a4f-bc72-f06bf432b10b
CAP Cuisine - Sciences physiques et chimiques - Se?curite? : la pre?vention des risques chimiques et e?lectriques,f47e2a6c-bbc5-4d54-a22f-081e26aa80bd,Le risque chimique,56d0d726-b6da-407c-b530-c164fb07ed9f,Le risque chimique,eb3c7243-4081-4786-bdbd-60fde165b138
CAP Cuisine - Sciences physiques et chimiques - Se?curite? : la pre?vention des risques chimiques et e?lectriques,f47e2a6c-bbc5-4d54-a22f-081e26aa80bd,Le risque chimique,56d0d726-b6da-407c-b530-c164fb07ed9f,Vidéos,ece95d96-4744-4f8c-aeb1-37ddbd8a450c
CAP Cuisine - Sciences physiques et chimiques - Se?curite? : la pre?vention des risques chimiques et e?lectriques,f47e2a6c-bbc5-4d54-a22f-081e26aa80bd,Les pictogrammes de danger,1066f366-7e74-4c62-ad18-94642ff66e5a,Les pictogrammes de danger,f59511e5-e7bd-40e1-818e-bd9cb3501251
CAP Cuisine - Sciences physiques et chimiques - Se?curite? : la pre?vention des risques chimiques et e?lectriques,f47e2a6c-bbc5-4d54-a22f-081e26aa80bd,Les équipements de sécurité,69720734-f802-4d4c-a61f-7775b011b749,Les équipements de sécurité,0255294b-6d22-4764-b8c4-64be732f19e8
CAP Cuisine - Sciences physiques et chimiques - Se?curite? : la pre?vention des risques chimiques et e?lectriques,f47e2a6c-bbc5-4d54-a22f-081e26aa80bd,Le risque électrique,8d8bb053-c7b8-4423-adf5-585389dac8f1,Le risque électrique,e4e0b90f-336c-4db8-a128-86d4e5153d90
CAP Cuisine - Sciences physiques et chimiques - Se?curite? : la pre?vention des risques chimiques et e?lectriques,f47e2a6c-bbc5-4d54-a22f-081e26aa80bd,EXERCICES,c31e1324-e414-4ef3-bd99-a354b3565d26,EXERCICES,fabf4aa2-729e-4e47-88aa-fa867632355a
CAP Cuisine - Sciences physiques et chimiques - Se?curite? : la pre?vention des risques chimiques et e?lectriques,f47e2a6c-bbc5-4d54-a22f-081e26aa80bd,CORRIGÉ,b1421534-5971-4872-b494-ea2526f4452e,CORRIGÉ,652efabb-e9bf-4a7a-a612-ca7a575ac14a
CAP Cuisine - Géographie - Les socie?te?s face aux risques,f4660234-a688-4a95-99e6-c352a7721733,Des risques de plus en plus violents et de plus en plus fréquents,ea9bdeb0-d780-42bc-9713-0fd22a5064ad,Des risques naturels liés à l’instabilité de la planète et aux activités humaines,d9b77e35-0d27-4623-bd49-95717f26f4ef
CAP Cuisine - Géographie - Les socie?te?s face aux risques,f4660234-a688-4a95-99e6-c352a7721733,Des risques de plus en plus violents et de plus en plus fréquents,ea9bdeb0-d780-42bc-9713-0fd22a5064ad,"Des risques technologiques, liés aux progrès des techniques et des échanges",3efcba4b-f759-46eb-9c8d-0d2ac5ff5c0d
CAP Cuisine - Géographie - Les socie?te?s face aux risques,f4660234-a688-4a95-99e6-c352a7721733,Prévention et secours : toutes les sociétés sont concernées,0195a9ed-f6e9-44fe-b95c-f73fefc1d16c,Les PID créent une « culture du risque » pour limiter les pertes humaines,36013ebd-cf64-4fe4-8568-c7124c6b2937
CAP Cuisine - Géographie - Les socie?te?s face aux risques,f4660234-a688-4a95-99e6-c352a7721733,Prévention et secours : toutes les sociétés sont concernées,0195a9ed-f6e9-44fe-b95c-f73fefc1d16c,"Les PED sont plus vulnérables, faute de moyens de prévention et de secours",a9805b4b-95e1-4002-995d-d0c1b4b73e62
CAP Cuisine - Géographie - Les socie?te?s face aux risques,f4660234-a688-4a95-99e6-c352a7721733,Prévention et secours : toutes les sociétés sont concernées,0195a9ed-f6e9-44fe-b95c-f73fefc1d16c,"L’opinion mondiale, solidaire contre les risques",d95de2bf-b123-421f-a53b-f00f72f8d081
CAP Cuisine - Géographie - Les socie?te?s face aux risques,f4660234-a688-4a95-99e6-c352a7721733,EXERCICES – Questions de cours,159696f1-f1e4-4253-ab65-531b7d6babc9,EXERCICES – Questions de cours,2aabb025-a5b5-433f-84b7-b40babb5d53c
CAP Cuisine - Géographie - Les socie?te?s face aux risques,f4660234-a688-4a95-99e6-c352a7721733,CORRIGÉ,158104a7-7970-4b74-b4fc-d0faee7cc5d7,CORRIGÉ,8c410282-b27c-4dc4-a241-22ba85bcbc04
CAP Cuisine - Anglais - Les questions et les pre?positions,ec843ecf-0a2b-4da7-b80b-ef020a5a2a75,Les questions,58b32559-9df1-4858-b5bd-27ab393607ff,Les questions,d98b0463-8eeb-49e9-a7a2-001d91ad57f8
CAP Cuisine - Anglais - Les questions et les pre?positions,ec843ecf-0a2b-4da7-b80b-ef020a5a2a75,Les prépositions,7448e696-2665-4bd9-8f41-49018614702e,Les prépositions,26f82e7c-c918-4132-9489-ef787a7d6d7c
CAP Cuisine - Anglais - Les questions et les pre?positions,ec843ecf-0a2b-4da7-b80b-ef020a5a2a75,EXERCICES,21870c0d-f28c-45e5-b83a-951823004795,EXERCICES,cabba241-2a77-4410-a010-a4284aacc09b
CAP Cuisine - Anglais - Les questions et les pre?positions,ec843ecf-0a2b-4da7-b80b-ef020a5a2a75,CORRIGÉ,1bab5678-ad51-4e4b-9f4d-7eb342fda014,CORRIGÉ,89f31c9d-b763-41dc-9f8a-80b4d58fb8f9
CAP Cuisine - Français - S'insérer dans la cité,e58402c0-15fb-4e5a-8a1f-d2fa097c9e1e,Lire et écrire un article de presse,a258c1a2-4b71-422e-a146-df86917c6466,Lire et écrire un article de presse,31fd6404-b537-44fb-a02c-06988453b582
CAP Cuisine - Français - S'insérer dans la cité,e58402c0-15fb-4e5a-8a1f-d2fa097c9e1e,Lire et écrire un article de presse,a258c1a2-4b71-422e-a146-df86917c6466,Les règles d’écriture d’un article de presse,2a52d96d-7346-4304-a4ae-7ee0e7c36698
CAP Cuisine - Français - S'insérer dans la cité,e58402c0-15fb-4e5a-8a1f-d2fa097c9e1e,Lire et écrire un article de presse,a258c1a2-4b71-422e-a146-df86917c6466,Exercice : Comprendre un article de presse,b998d82f-18e0-4649-a24a-3f4ae58411c5
CAP Cuisine - Français - S'insérer dans la cité,e58402c0-15fb-4e5a-8a1f-d2fa097c9e1e,Lire et écrire un article de presse,a258c1a2-4b71-422e-a146-df86917c6466,Corrigé : Comprendre un article de presse,0f4eae98-1f1a-4a57-9ce6-35184efdf07d
CAP Cuisine - Français - S'insérer dans la cité,e58402c0-15fb-4e5a-8a1f-d2fa097c9e1e,Lire et écrire un article de presse,a258c1a2-4b71-422e-a146-df86917c6466,Le fait divers,730d15b8-50b8-4b4f-a55d-6ca52a35cdb9
CAP Cuisine - Français - S'insérer dans la cité,e58402c0-15fb-4e5a-8a1f-d2fa097c9e1e,Lire et écrire un article de presse,a258c1a2-4b71-422e-a146-df86917c6466,Exercice : Reconstruire un fait divers,9bff5c8c-13f7-4887-942d-139224af9267
CAP Cuisine - Français - S'insérer dans la cité,e58402c0-15fb-4e5a-8a1f-d2fa097c9e1e,Lire et écrire un article de presse,a258c1a2-4b71-422e-a146-df86917c6466,Corrigé : Reconstruire un fait divers,44d9d458-8a08-45c3-97ad-aa1c61a70aca
CAP Cuisine - Français - S'insérer dans la cité,e58402c0-15fb-4e5a-8a1f-d2fa097c9e1e,Lire et écrire un article de presse,a258c1a2-4b71-422e-a146-df86917c6466,Exercice : Passer de la voix active a? la voix passive,69058478-a7fa-46a4-826d-17211f9474c6
CAP Cuisine - Français - S'insérer dans la cité,e58402c0-15fb-4e5a-8a1f-d2fa097c9e1e,Lire et écrire un article d’opinion,a0048044-bbbb-4038-a1cf-68521955902e,Lire et écrire un article d’opinion,1e1002f3-ecb5-4aaf-a6d6-29fe7de4ff8e
CAP Cuisine - Français - S'insérer dans la cité,e58402c0-15fb-4e5a-8a1f-d2fa097c9e1e,La critique : une opinion sur une oeuvre,c702ccff-7ae0-4191-8adc-b56076c9245e,La critique : une opinion sur une œuvre,d8c3dfbc-e9c2-46c0-9fb9-e45da218cc3a
CAP Cuisine - Français - S'insérer dans la cité,e58402c0-15fb-4e5a-8a1f-d2fa097c9e1e,Écrire un courrier des lecteurs,620b5c8a-35dd-4d51-82fd-0db0383907a2,Écrire un courrier des lecteurs,523bec78-f512-483e-bf16-d19b44e5d7a5
CAP Cuisine - Français - S'insérer dans la cité,e58402c0-15fb-4e5a-8a1f-d2fa097c9e1e,Comprendre un discours argumentatif,7dda68a5-8cfc-4357-a1f4-1928b3036d3d,Comprendre un discours argumentatif,9ffaa120-1cce-4a27-aba8-7584c0bf652d
CAP Cuisine - Français - S'insérer dans la cité,e58402c0-15fb-4e5a-8a1f-d2fa097c9e1e,Tirer des leçons d’un récit de science-fiction,bbc92b62-c1ab-45d9-8ad9-162d3153dfa0,Tirer des leçons d’un récit de science-fiction,b14b84a0-2b58-473f-8125-eb36860d2566
CAP Cuisine - PSE - L’individu et sa sante?,db9a262d-10a1-47c7-9d36-87e405469710,Les rythmes biologiques et le sommeil,521ea2cd-5de8-4c55-8ee3-bb4fa727fb06,Les rythmes biologiques,aa481072-feb4-4a90-8c1c-6381a0baff37
CAP Cuisine - PSE - L’individu et sa sante?,db9a262d-10a1-47c7-9d36-87e405469710,Les rythmes biologiques et le sommeil,521ea2cd-5de8-4c55-8ee3-bb4fa727fb06,Le de?roulement d’une nuit de sommeil,2d26e0af-9abf-4705-9d50-7cb88f31ff8b
CAP Cuisine - PSE - L’individu et sa sante?,db9a262d-10a1-47c7-9d36-87e405469710,Les rythmes biologiques et le sommeil,521ea2cd-5de8-4c55-8ee3-bb4fa727fb06,Le rythme impose? par le travail,9d8db157-c902-4296-9034-ece6596555c6
CAP Cuisine - PSE - L’individu et sa sante?,db9a262d-10a1-47c7-9d36-87e405469710,Les rythmes biologiques et le sommeil,521ea2cd-5de8-4c55-8ee3-bb4fa727fb06,Les effets des perturbations du sommeil,48cb1031-f96b-46c0-acee-ad972092ebad
CAP Cuisine - PSE - L’individu et sa sante?,db9a262d-10a1-47c7-9d36-87e405469710,Les rythmes biologiques et le sommeil,521ea2cd-5de8-4c55-8ee3-bb4fa727fb06,Les mesures individuelles pour favoriser le sommeil,0861160d-9bd7-4a31-87be-23ce95a8df53
CAP Cuisine - PSE - L’individu et sa sante?,db9a262d-10a1-47c7-9d36-87e405469710,Une alimentation adaptée à son activité,1814efe9-890d-402f-b48b-6a93898d56a7,Les besoins de l’organisme,f398b590-5bb8-40f0-a1b9-f92f85e32147
CAP Cuisine - PSE - L’individu et sa sante?,db9a262d-10a1-47c7-9d36-87e405469710,Une alimentation adaptée à son activité,1814efe9-890d-402f-b48b-6a93898d56a7,L’e?quilibre alimentaire,8fdeadcd-e824-4e56-a8bb-5dd687575c2d
CAP Cuisine - PSE - L’individu et sa sante?,db9a262d-10a1-47c7-9d36-87e405469710,Une alimentation adaptée à son activité,1814efe9-890d-402f-b48b-6a93898d56a7,Les modifications du comportement alimentaire lie?es aux contraintes de,40f19dd7-ed0c-409c-8d40-2526f06a1a57
CAP Cuisine - PSE - L’individu et sa sante?,db9a262d-10a1-47c7-9d36-87e405469710,Une alimentation adaptée à son activité,1814efe9-890d-402f-b48b-6a93898d56a7,Les erreurs alimentaires et leurs conse?quences,28000844-d213-47bb-b2fc-e52d2105e2a7
CAP Cuisine - PSE - L’individu et sa sante?,db9a262d-10a1-47c7-9d36-87e405469710,Une alimentation adaptée à son activité,1814efe9-890d-402f-b48b-6a93898d56a7,Quelques attitudes pour une bonne hygie?ne alimentaire,62c5ed62-665f-400d-ada6-ea709775030e
CAP Cuisine - PSE - L’individu et sa sante?,db9a262d-10a1-47c7-9d36-87e405469710,L'activité physique et ses effets sur la santé,ba3e562e-e35f-48a1-a98c-9cecfe5c7b80,La relation entre organes et appareils lors du travail musculaire,a875bf10-1b2f-46e4-91fd-15e450ba9c9b
CAP Cuisine - PSE - L’individu et sa sante?,db9a262d-10a1-47c7-9d36-87e405469710,L'activité physique et ses effets sur la santé,ba3e562e-e35f-48a1-a98c-9cecfe5c7b80,Les effets positifs de l’activite? physique sur la sante? et leurs limites,8345daf3-bfc0-46e5-b1b0-421eaa635b19
CAP Cuisine - PSE - L’individu et sa sante?,db9a262d-10a1-47c7-9d36-87e405469710,L'activité physique et ses effets sur la santé,ba3e562e-e35f-48a1-a98c-9cecfe5c7b80,Les effets du dopage,d50b3ce4-bb30-43c0-8aa3-86d69d3c9efc
CAP Cuisine - PSE - L’individu et sa sante?,db9a262d-10a1-47c7-9d36-87e405469710,L'activité physique et ses effets sur la santé,ba3e562e-e35f-48a1-a98c-9cecfe5c7b80,Une activite? physique re?gulie?re et raisonne?e,92d0f462-25ea-41f1-a849-b0aeaf57c19c
CAP Cuisine - PSE - L’individu et sa sante?,db9a262d-10a1-47c7-9d36-87e405469710,Les conduites addictives,6e1ffbc3-9607-4a6a-a9dd-3520a5d0db76,Quelques de?finitions,8ee680c6-a8b1-4c09-82c9-cb7a2da09863
CAP Cuisine - PSE - L’individu et sa sante?,db9a262d-10a1-47c7-9d36-87e405469710,Les conduites addictives,6e1ffbc3-9607-4a6a-a9dd-3520a5d0db76,Les effets et les risques de quelques substances psychoactives,8bcdd4fc-ef60-41fb-b3ca-75f9076b07ff
CAP Cuisine - PSE - L’individu et sa sante?,db9a262d-10a1-47c7-9d36-87e405469710,Les conduites addictives,6e1ffbc3-9607-4a6a-a9dd-3520a5d0db76,Des conse?quences de la consommation de substances psycho-actives,5f1059ea-36ba-4761-b8a1-fcdde2e11e8f
CAP Cuisine - PSE - L’individu et sa sante?,db9a262d-10a1-47c7-9d36-87e405469710,Les conduites addictives,6e1ffbc3-9607-4a6a-a9dd-3520a5d0db76,Les mesures de pre?vention et de re?pression mises en place sur le lieu de travail,f45a31a7-d859-4380-8be2-b583709cd9f1
CAP Cuisine - PSE - L’individu et sa sante?,db9a262d-10a1-47c7-9d36-87e405469710,Les conduites addictives,6e1ffbc3-9607-4a6a-a9dd-3520a5d0db76,Les structures d’accueil d’aide et de soutien,f12694c7-e8a4-46da-a660-9f50c196844e
CAP Cuisine - PSE - L’individu et sa sante?,db9a262d-10a1-47c7-9d36-87e405469710,Les infections sexuellement transmissibles,c0f078be-455d-4bc8-a12d-e10ecf35358a,Les principales IST,342eb37f-bdf5-4ffc-b592-a5ba06e50808
CAP Cuisine - PSE - L’individu et sa sante?,db9a262d-10a1-47c7-9d36-87e405469710,Les infections sexuellement transmissibles,c0f078be-455d-4bc8-a12d-e10ecf35358a,Les modes de contaminations,8ce03b71-9119-4751-99f0-c314873c225b
CAP Cuisine - PSE - L’individu et sa sante?,db9a262d-10a1-47c7-9d36-87e405469710,Les infections sexuellement transmissibles,c0f078be-455d-4bc8-a12d-e10ecf35358a,La conduite a? tenir face a? un risque d’IST ou a? une contamination,e2559101-8d4e-45db-9aa0-6af552572b5b
CAP Cuisine - PSE - L’individu et sa sante?,db9a262d-10a1-47c7-9d36-87e405469710,Les infections sexuellement transmissibles,c0f078be-455d-4bc8-a12d-e10ecf35358a,Les mesures de pre?vention,e7538380-3f61-4283-97cc-c33be6492f91
CAP Cuisine - PSE - L’individu et sa sante?,db9a262d-10a1-47c7-9d36-87e405469710,Les infections sexuellement transmissibles,c0f078be-455d-4bc8-a12d-e10ecf35358a,"Les structures d’accueil, d’aide et de soutien",b9f7befe-6174-4d62-8c44-f785261e8d91
CAP Cuisine - PSE - L’individu et sa sante?,db9a262d-10a1-47c7-9d36-87e405469710,La contraception,baa17c05-0f20-4cc9-8b6e-75bd079915a1,La contraception,d44a52b8-ea42-4024-89de-671ea4d6e7a0
CAP Cuisine - PSE - L’individu et sa sante?,db9a262d-10a1-47c7-9d36-87e405469710,La contraception,baa17c05-0f20-4cc9-8b6e-75bd079915a1,Les me?thodes contraceptives et leurs modes d’action,9449bac2-5e3e-4a83-900e-8c8bbeee8600
CAP Cuisine - PSE - L’individu et sa sante?,db9a262d-10a1-47c7-9d36-87e405469710,La contraception,baa17c05-0f20-4cc9-8b6e-75bd079915a1,Les limites de fiabilite? des moyens de contraception,5232b02c-20e8-4c6c-bde8-04934de3447e
CAP Cuisine - PSE - L’individu et sa sante?,db9a262d-10a1-47c7-9d36-87e405469710,La contraception,baa17c05-0f20-4cc9-8b6e-75bd079915a1,Les me?thodes contraceptives d’urgence,f68940b3-0d1b-4e79-9908-5d66fe9267bc
CAP Cuisine - PSE - L’individu et sa sante?,db9a262d-10a1-47c7-9d36-87e405469710,La contraception,baa17c05-0f20-4cc9-8b6e-75bd079915a1,"Les structures d’accueil, d’aide et de soutien",6a7398a5-0147-44e4-946d-502f7c49774a
"CAP Cuisine - Sciences physiques - E?lectricite? : re?gime continu, re?gime sinusoi?dal monophase?, puissance et e?nergie",da467c9b-6eaa-480c-8118-3413f451c963,Le circuit électrique,44470cf0-b0a9-48e9-87d7-6a8de447f59f,Le circuit électrique,db2bdca6-93e3-4078-9e46-53a93fd8b5c1
"CAP Cuisine - Sciences physiques - E?lectricite? : re?gime continu, re?gime sinusoi?dal monophase?, puissance et e?nergie",da467c9b-6eaa-480c-8118-3413f451c963,L’intensité et la tension électrique,826d5185-a36f-467e-b13d-cb4688c47f80,L’intensité et la tension électrique,50abc345-3e32-4161-9841-2163c7618999
"CAP Cuisine - Sciences physiques - E?lectricite? : re?gime continu, re?gime sinusoi?dal monophase?, puissance et e?nergie",da467c9b-6eaa-480c-8118-3413f451c963,La puissance et l’énergie électrique,3577f940-fc1b-4390-9531-be80299bf2f5,La puissance et l’énergie électrique,33d54c1e-646c-4e9e-a02b-0d65a8d7ed84
"CAP Cuisine - Sciences physiques - E?lectricite? : re?gime continu, re?gime sinusoi?dal monophase?, puissance et e?nergie",da467c9b-6eaa-480c-8118-3413f451c963,EXERCICES,adc95b4c-e93d-4914-9953-eda9c4fcc629,EXERCICES,27177e01-d501-4665-ab0f-2b6b68caf4e9
"CAP Cuisine - Sciences physiques - E?lectricite? : re?gime continu, re?gime sinusoi?dal monophase?, puissance et e?nergie",da467c9b-6eaa-480c-8118-3413f451c963,CORRIGÉ,d4b0e7ad-3fce-4871-a0e0-a5c0adc6b4b0,CORRIGÉ,59749868-82d3-4293-b973-368f64be820a
CAP Cuisine - Sciences chimiques - La structure et les proprie?te?s de la matie?re,d8334fa3-8781-454b-8c0d-28680981a2bc,La classification périodique des éléments,55ac82fa-9d38-4c93-a98e-64961477760b,La classification périodique des éléments,389ddc79-1566-40d4-a144-63f16c13fc3e
CAP Cuisine - Sciences chimiques - La structure et les proprie?te?s de la matie?re,d8334fa3-8781-454b-8c0d-28680981a2bc,Les atomes,6ef1dcd1-2c64-4e09-876b-9c2c7c8c4c2b,Les atomes,4fecbabf-6878-460c-948f-10a23b2efc10
CAP Cuisine - Sciences chimiques - La structure et les proprie?te?s de la matie?re,d8334fa3-8781-454b-8c0d-28680981a2bc,Les molécules,9a461ac3-8e8d-4e3b-8b64-3ed1ac04d2d1,Les molécules,bcf3f0f8-2135-4d57-a9e8-79763e5fc49c
CAP Cuisine - Sciences chimiques - La structure et les proprie?te?s de la matie?re,d8334fa3-8781-454b-8c0d-28680981a2bc,Les molécules,9a461ac3-8e8d-4e3b-8b64-3ed1ac04d2d1,Comment identifier les atomes constitutifs d’une molécule ?,fd644cd9-42ed-4aa8-9bf7-bc78a80705d3
CAP Cuisine - Sciences chimiques - La structure et les proprie?te?s de la matie?re,d8334fa3-8781-454b-8c0d-28680981a2bc,Les molécules,9a461ac3-8e8d-4e3b-8b64-3ed1ac04d2d1,Comment construire une molécule à l’aide de modèles moléculaires ?,924b03d6-21e3-4452-8f39-6a3516de04d7
CAP Cuisine - Sciences chimiques - La structure et les proprie?te?s de la matie?re,d8334fa3-8781-454b-8c0d-28680981a2bc,Les molécules,9a461ac3-8e8d-4e3b-8b64-3ed1ac04d2d1,Comment représenter une molécule à l’aide du modèle de Lewis ?,79917829-0b53-437f-9fa9-0fb013afc558
CAP Cuisine - Sciences chimiques - La structure et les proprie?te?s de la matie?re,d8334fa3-8781-454b-8c0d-28680981a2bc,Les molécules,9a461ac3-8e8d-4e3b-8b64-3ed1ac04d2d1,Comment calculer une masse molaire moléculaire ?,82309df9-8d19-40ec-b7b3-525277f95bac
CAP Cuisine - Sciences chimiques - La structure et les proprie?te?s de la matie?re,d8334fa3-8781-454b-8c0d-28680981a2bc,Les ions,021d42b6-356c-45c7-ac1c-e9bf5236d7e6,Les ions,f82197d2-ff2d-4ffd-ba52-5982c3879560
CAP Cuisine - Sciences chimiques - La structure et les proprie?te?s de la matie?re,d8334fa3-8781-454b-8c0d-28680981a2bc,La concentration massique et la concentration molaire en solution,868827a8-32f1-4cf0-9f12-77304825d46e,Comment calculer la concentration massique ou molaire d’une solution ?,a731c9f5-d2b9-452a-85b8-6d86bd963eee
CAP Cuisine - Sciences chimiques - La structure et les proprie?te?s de la matie?re,d8334fa3-8781-454b-8c0d-28680981a2bc,La concentration massique et la concentration molaire en solution,868827a8-32f1-4cf0-9f12-77304825d46e,Comment préparer une solution de concentration molaire donnée ?,4d2f3ad8-7184-4129-8181-e719b0563834
CAP Cuisine - Sciences chimiques - La structure et les proprie?te?s de la matie?re,d8334fa3-8781-454b-8c0d-28680981a2bc,EXERCICES,72133c60-3128-4d17-933e-ec25727cd900,EXERCICES,a644d1d5-094b-48e9-b483-88455a75b9e0
CAP Cuisine - Sciences chimiques - La structure et les proprie?te?s de la matie?re,d8334fa3-8781-454b-8c0d-28680981a2bc,CORRIGÉ,eb227d8a-c285-4291-b46b-09cf99c4b2de,CORRIGÉ,bcd7a76a-9d77-4961-a5d0-5a7a80d0ec2e
CAP Cuisine - Géographie - Mondialisation et diversite? culturelle,d4b0ca0e-927e-4c87-a663-290bb69ea750,Une culture mondiale émerge,586326ae-8227-4820-b63e-6bafc9c52266,Les moyens de l’uniformisation des cultures,ba89bd29-1d0b-4fd8-bb1b-711b5a7080c4
CAP Cuisine - Géographie - Mondialisation et diversite? culturelle,d4b0ca0e-927e-4c87-a663-290bb69ea750,Une culture mondiale émerge,586326ae-8227-4820-b63e-6bafc9c52266,"Penser, vivre, consommer à l’échelle mondiale…",0b6751ce-42f7-483e-aa68-7b4e5cd62e79
CAP Cuisine - Géographie - Mondialisation et diversite? culturelle,d4b0ca0e-927e-4c87-a663-290bb69ea750,Une culture mondiale émerge,586326ae-8227-4820-b63e-6bafc9c52266,Quelle culture mondiale ?,86c79052-1cf9-4b50-a2c1-5aaf7b3b2576
CAP Cuisine - Géographie - Mondialisation et diversite? culturelle,d4b0ca0e-927e-4c87-a663-290bb69ea750,"À contre-courant, la diversité culturelle survit à la mondialisation",ea65cb85-fd5b-43f0-a935-68859d9c97fd,La diversité culturelle peut engendrer un choc des cultures,b4dd147e-361e-4ef6-82c5-9c0682212583
CAP Cuisine - Géographie - Mondialisation et diversite? culturelle,d4b0ca0e-927e-4c87-a663-290bb69ea750,"À contre-courant, la diversité culturelle survit à la mondialisation",ea65cb85-fd5b-43f0-a935-68859d9c97fd,La diversité culturelle peut aussi enrichir les échanges,54a76722-c8a9-44b1-808c-c51889763cdb
CAP Cuisine - Géographie - Mondialisation et diversite? culturelle,d4b0ca0e-927e-4c87-a663-290bb69ea750,"À contre-courant, la diversité culturelle survit à la mondialisation",ea65cb85-fd5b-43f0-a935-68859d9c97fd,Un patrimoine mondial diversifié à défendre,bcbab72b-96d9-4de3-aae8-a6614fd80e1e
CAP Cuisine - Géographie - Mondialisation et diversite? culturelle,d4b0ca0e-927e-4c87-a663-290bb69ea750,EXERCICES – Questions de cours,50136bec-3ceb-4aee-9828-cadb2dea4115,EXERCICES – Questions de cours,b8679a04-8933-4056-807e-674c0d14a326
CAP Cuisine - Géographie - Mondialisation et diversite? culturelle,d4b0ca0e-927e-4c87-a663-290bb69ea750,CORRIGÉ,7e2843d8-a1e2-4b39-b778-ad8b8f107d69,CORRIGÉ,cb57f83c-21c3-4f68-9ece-1429f726df88
CAP Cuisine - PSE - L’individu dans son environnement professionnel,d20a1698-7b2b-467d-b7fe-0592ee229944,La législation du travail,de3a3fc3-059a-4a45-bff1-01362a4b67d3,Le code du travail,adae78d2-d177-4af7-ba53-b98a38122e21
CAP Cuisine - PSE - L’individu dans son environnement professionnel,d20a1698-7b2b-467d-b7fe-0592ee229944,La législation du travail,de3a3fc3-059a-4a45-bff1-01362a4b67d3,La convention collective,22d95530-bbd1-4121-ae0e-41c52dea845b
CAP Cuisine - PSE - L’individu dans son environnement professionnel,d20a1698-7b2b-467d-b7fe-0592ee229944,La législation du travail,de3a3fc3-059a-4a45-bff1-01362a4b67d3,Le re?glement inte?rieur,01b2e2d2-00ea-4db5-870f-343f371f01bf
CAP Cuisine - PSE - L’individu dans son environnement professionnel,d20a1698-7b2b-467d-b7fe-0592ee229944,Les contrats de travail et les rémunérations,3d318914-dbc5-45d2-afcc-7b74141b0d1d,La de?finition d’un contrat de travail,22ab7015-beb3-4a5a-8660-b177d8f76bc9
CAP Cuisine - PSE - L’individu dans son environnement professionnel,d20a1698-7b2b-467d-b7fe-0592ee229944,Les contrats de travail et les rémunérations,3d318914-dbc5-45d2-afcc-7b74141b0d1d,Les caracte?ristiques d’un contrat de travail,32df32f0-4115-40be-8d86-5ea87ed2d474
CAP Cuisine - PSE - L’individu dans son environnement professionnel,d20a1698-7b2b-467d-b7fe-0592ee229944,Les contrats de travail et les rémunérations,3d318914-dbc5-45d2-afcc-7b74141b0d1d,D’autres contrats de travail,851895e0-214c-420e-b0ba-a258dfb9699f
CAP Cuisine - PSE - L’individu dans son environnement professionnel,d20a1698-7b2b-467d-b7fe-0592ee229944,Les contrats de travail et les rémunérations,3d318914-dbc5-45d2-afcc-7b74141b0d1d,La re?mune?ration,3a564bd8-d7a6-4d3b-94a0-8e66b513bc3c
CAP Cuisine - PSE - L’individu dans son environnement professionnel,d20a1698-7b2b-467d-b7fe-0592ee229944,Les contrats de travail et les rémunérations,3d318914-dbc5-45d2-afcc-7b74141b0d1d,Le bulletin de salaire,92249c28-5a2f-4b93-b6b8-a2ac8aaadba5
CAP Cuisine - PSE - L’individu dans son environnement professionnel,d20a1698-7b2b-467d-b7fe-0592ee229944,Les représentants du personnel,edc0dd6f-7717-4e94-923a-a9d9aa0fbe27,Les de?le?gue?s du personnel et le comite? d’entreprise,39fb3522-3cb0-4365-be2c-14e411dd62ae
CAP Cuisine - PSE - L’individu dans son environnement professionnel,d20a1698-7b2b-467d-b7fe-0592ee229944,Les représentants du personnel,edc0dd6f-7717-4e94-923a-a9d9aa0fbe27,Les syndicats,3a18f169-ad1c-4c26-9c59-6424316b0607
CAP Cuisine - PSE - L’individu dans son environnement professionnel,d20a1698-7b2b-467d-b7fe-0592ee229944,"Les structures de défense, de protection et de contrôle",487ca265-7f27-4bdb-990e-81824711e614,Le conseil des prud’hommes,a4e880dd-5082-4ceb-940a-206afdf4ff98
CAP Cuisine - PSE - L’individu dans son environnement professionnel,d20a1698-7b2b-467d-b7fe-0592ee229944,"Les structures de défense, de protection et de contrôle",487ca265-7f27-4bdb-990e-81824711e614,Le comite? d’hygie?ne de se?curite? et des conditions de travail (CHSCT),933102ea-766f-488f-81ee-8c1a06fa0807
CAP Cuisine - PSE - L’individu dans son environnement professionnel,d20a1698-7b2b-467d-b7fe-0592ee229944,"Les structures de défense, de protection et de contrôle",487ca265-7f27-4bdb-990e-81824711e614,L’inspection du travail,da5cda22-b368-4591-956f-c6b51b17777c
CAP Cuisine - PSE - L’individu dans son environnement professionnel,d20a1698-7b2b-467d-b7fe-0592ee229944,"Les structures de défense, de protection et de contrôle",487ca265-7f27-4bdb-990e-81824711e614,Le service de pre?vention de la Caisse d’assurance retraite et de la sante? au travail (CARSAT),acce49ec-1fe7-475d-ace3-7b8596c0c00e
CAP Cuisine - PSE - L’individu dans son environnement professionnel,d20a1698-7b2b-467d-b7fe-0592ee229944,"Les structures de défense, de protection et de contrôle",487ca265-7f27-4bdb-990e-81824711e614,Le service de sante? au travail,6e835e0a-27c7-4725-86fe-fcc169352c46
CAP Cuisine - PSE - L’individu dans son environnement professionnel,d20a1698-7b2b-467d-b7fe-0592ee229944,"Les structures de défense, de protection et de contrôle",487ca265-7f27-4bdb-990e-81824711e614,Le de?fenseur des droits,65980db5-c780-40f2-82ea-fd979825d0fd
CAP Cuisine - PSE - L’individu dans son environnement professionnel,d20a1698-7b2b-467d-b7fe-0592ee229944,La surveillance de la santé et du salarié,5019b898-7059-4903-aedc-450e1784d066,Les examens me?dicaux,aeca38c9-98cc-43d7-8f21-d62741eafa6c
CAP Cuisine - PSE - L’individu dans son environnement professionnel,d20a1698-7b2b-467d-b7fe-0592ee229944,La surveillance de la santé et du salarié,5019b898-7059-4903-aedc-450e1784d066,Les vaccinations,63a4413c-e5d1-4d2d-97f0-c0e3ced51395
CAP Cuisine - PSE - L’individu dans son environnement professionnel,d20a1698-7b2b-467d-b7fe-0592ee229944,Les risques professionnels,38942c62-06ac-498f-9892-508e3c3b7102,Du danger a? l’apparition d’un dommage,6a02298b-960e-41b8-b563-d9888c73975d
CAP Cuisine - PSE - L’individu dans son environnement professionnel,d20a1698-7b2b-467d-b7fe-0592ee229944,Les risques professionnels,38942c62-06ac-498f-9892-508e3c3b7102,Des exemples de situations de travail,1c903145-9b17-453d-9c30-87fa5493b192
CAP Cuisine - PSE - L’individu dans son environnement professionnel,d20a1698-7b2b-467d-b7fe-0592ee229944,Les risques professionnels,38942c62-06ac-498f-9892-508e3c3b7102,Les niveaux de pre?vention,b9dd25c7-5bca-4451-81fe-3e7915c3f61f
CAP Cuisine - PSE - L’individu dans son environnement professionnel,d20a1698-7b2b-467d-b7fe-0592ee229944,Les accidents du travail et les maladies professionnelles,1bb62f41-5ce3-452a-95d5-a5f7020b5d04,Les crite?res de reconnaissance d’un accident du travail et d’une maladie professionnelle,fbf6cab5-9f46-46c2-960f-74a3083eb2de
CAP Cuisine - PSE - L’individu dans son environnement professionnel,d20a1698-7b2b-467d-b7fe-0592ee229944,Les accidents du travail et les maladies professionnelles,1bb62f41-5ce3-452a-95d5-a5f7020b5d04,Les de?marches a? effectuer,b4b89ade-da1f-41be-963a-0fc555b0e838
CAP Cuisine - PSE - L’individu dans son environnement professionnel,d20a1698-7b2b-467d-b7fe-0592ee229944,Les accidents du travail et les maladies professionnelles,1bb62f41-5ce3-452a-95d5-a5f7020b5d04,Les prestations perc?ues par la victime,87495478-5d25-403a-a932-a0b1d831e889
CAP Cuisine - PSE - L’individu dans son environnement professionnel,d20a1698-7b2b-467d-b7fe-0592ee229944,Le risque lié à l'activité physique,1bf187b2-9a91-43c5-acf2-03391e829b3f,Les facteurs de risques lie?s a? l’activite? physique,3fd3b64b-b401-4a2e-ba85-083529c3fa8e
CAP Cuisine - PSE - L’individu dans son environnement professionnel,d20a1698-7b2b-467d-b7fe-0592ee229944,Le risque lié à l'activité physique,1bf187b2-9a91-43c5-acf2-03391e829b3f,La colonne verte?brale,4f89700a-bcfa-4788-8322-2a41d2b19846
CAP Cuisine - PSE - L’individu dans son environnement professionnel,d20a1698-7b2b-467d-b7fe-0592ee229944,Le risque lié à l'activité physique,1bf187b2-9a91-43c5-acf2-03391e829b3f,Le disque inter-verte?bral,f8512efd-5fc0-4a69-88bc-035d6524cb32
CAP Cuisine - PSE - L’individu dans son environnement professionnel,d20a1698-7b2b-467d-b7fe-0592ee229944,Le risque lié à l'activité physique,1bf187b2-9a91-43c5-acf2-03391e829b3f,Les mesures de pre?vention,8bb9c8be-88f5-4e7c-8371-87a578d1a5e5
CAP Cuisine - PSE - L’individu dans son environnement professionnel,d20a1698-7b2b-467d-b7fe-0592ee229944,Les troubles musculo-squelettiques (TMS),d9847225-e288-4493-8f5d-e04d18699cb0,La de?finition,1178186b-8450-4ab3-994c-09f0f6489f2a
CAP Cuisine - PSE - L’individu dans son environnement professionnel,d20a1698-7b2b-467d-b7fe-0592ee229944,Les troubles musculo-squelettiques (TMS),d9847225-e288-4493-8f5d-e04d18699cb0,Les principales causes d’apparition des TMS,4ddafd22-dcc5-4cac-968f-a0a3544ed5a5
CAP Cuisine - PSE - L’individu dans son environnement professionnel,d20a1698-7b2b-467d-b7fe-0592ee229944,Les troubles musculo-squelettiques (TMS),d9847225-e288-4493-8f5d-e04d18699cb0,Les principaux signes,635c952b-cf9b-4e5c-97ac-e36a79543cd4
CAP Cuisine - PSE - L’individu dans son environnement professionnel,d20a1698-7b2b-467d-b7fe-0592ee229944,Les troubles musculo-squelettiques (TMS),d9847225-e288-4493-8f5d-e04d18699cb0,"Des situations de travail, sources de TMS",08695747-f1b2-4013-85b6-70fdbbec7a15
CAP Cuisine - PSE - L’individu dans son environnement professionnel,d20a1698-7b2b-467d-b7fe-0592ee229944,Les troubles musculo-squelettiques (TMS),d9847225-e288-4493-8f5d-e04d18699cb0,Les mesures de pre?vention,27533392-ec10-49e7-8de5-00f558cacb47
CAP Cuisine - PSE - L’individu dans son environnement professionnel,d20a1698-7b2b-467d-b7fe-0592ee229944,Le risque lie? au bruit,09a42289-5169-4766-b12d-f92b28be0bf1,Les caracte?ristiques du bruit,dddfab83-f8e0-41c7-81b1-fe372c54a555
CAP Cuisine - PSE - L’individu dans son environnement professionnel,d20a1698-7b2b-467d-b7fe-0592ee229944,Le risque lie? au bruit,09a42289-5169-4766-b12d-f92b28be0bf1,L’e?chelle des niveaux sonores,5a78a18d-0380-4e55-ae1c-7715df04d89b
CAP Cuisine - PSE - L’individu dans son environnement professionnel,d20a1698-7b2b-467d-b7fe-0592ee229944,Le risque lie? au bruit,09a42289-5169-4766-b12d-f92b28be0bf1,Le fonctionnement de l’oreille,587223cf-dbe8-4f88-9dc5-511fbf561ba8
CAP Cuisine - PSE - L’individu dans son environnement professionnel,d20a1698-7b2b-467d-b7fe-0592ee229944,Le risque lie? au bruit,09a42289-5169-4766-b12d-f92b28be0bf1,Les conse?quences du bruit,abfbada2-d796-4117-a0ae-d67de50714b1
CAP Cuisine - PSE - L’individu dans son environnement professionnel,d20a1698-7b2b-467d-b7fe-0592ee229944,Le risque lie? au bruit,09a42289-5169-4766-b12d-f92b28be0bf1,Les mesures de pre?vention,f0dd88dc-8c72-48ad-bee4-0f1f7b4479d3
CAP Cuisine - PSE - L’individu dans son environnement professionnel,d20a1698-7b2b-467d-b7fe-0592ee229944,Le risque lie? aux poussie?res,cb946d78-d26c-48b1-aeae-8170958bb79c,Les me?tiers expose?s,33bd8323-afa8-4b05-b274-f97be34d7c4a
CAP Cuisine - PSE - L’individu dans son environnement professionnel,d20a1698-7b2b-467d-b7fe-0592ee229944,Le risque lie? aux poussie?res,cb946d78-d26c-48b1-aeae-8170958bb79c,Les caracte?ristiques des poussie?res,163ca5ba-5ef7-43fb-9c29-6a90583e8779
CAP Cuisine - PSE - L’individu dans son environnement professionnel,d20a1698-7b2b-467d-b7fe-0592ee229944,Le risque lie? aux poussie?res,cb946d78-d26c-48b1-aeae-8170958bb79c,Les effets des poussie?res,53b67788-5ca9-4176-a5d7-58281423e3c6
CAP Cuisine - PSE - L’individu dans son environnement professionnel,d20a1698-7b2b-467d-b7fe-0592ee229944,Le risque lie? aux poussie?res,cb946d78-d26c-48b1-aeae-8170958bb79c,La pre?vention,2be9505e-950a-4f84-8f92-86f7632de093
CAP Cuisine - PSE - L’individu dans son environnement professionnel,d20a1698-7b2b-467d-b7fe-0592ee229944,Le risque chimique,c4bbcd6d-d00d-4b62-a9a9-3765e401ad1f,Les produits chimiques,89bbcb3f-33d6-4ff1-beaf-5d0002f7bff2
CAP Cuisine - PSE - L’individu dans son environnement professionnel,d20a1698-7b2b-467d-b7fe-0592ee229944,Le risque chimique,c4bbcd6d-d00d-4b62-a9a9-3765e401ad1f,Les voies de pe?ne?tration des produits chimiques,e562b8f8-17c7-42da-94c4-9b27106624de
CAP Cuisine - PSE - L’individu dans son environnement professionnel,d20a1698-7b2b-467d-b7fe-0592ee229944,Le risque chimique,c4bbcd6d-d00d-4b62-a9a9-3765e401ad1f,Les effets des produits chimiques,3028a99e-9345-4fed-aeb1-4516a0d93c50
CAP Cuisine - PSE - L’individu dans son environnement professionnel,d20a1698-7b2b-467d-b7fe-0592ee229944,Le risque chimique,c4bbcd6d-d00d-4b62-a9a9-3765e401ad1f,Les mesures de pre?vention,d91734e4-3104-4dce-886b-044191452b2c
CAP Cuisine - PSE - L’individu dans son environnement professionnel,d20a1698-7b2b-467d-b7fe-0592ee229944,Le risque mécanique,8b8d3770-5ab7-4033-97cb-6d613621d9d5,Le risque me?canique,1f76e00b-0110-4680-8002-5aafd7c1541b
CAP Cuisine - PSE - L’individu dans son environnement professionnel,d20a1698-7b2b-467d-b7fe-0592ee229944,Le risque mécanique,8b8d3770-5ab7-4033-97cb-6d613621d9d5,Des exemples de risques d’origine me?canique,5b2b8e23-15d6-43c0-937b-7cc495e630c0
CAP Cuisine - PSE - L’individu dans son environnement professionnel,d20a1698-7b2b-467d-b7fe-0592ee229944,Le risque mécanique,8b8d3770-5ab7-4033-97cb-6d613621d9d5,Des dommages possibles,3b207f01-e429-4d80-ba0a-bc638a4f9f8a
CAP Cuisine - PSE - L’individu dans son environnement professionnel,d20a1698-7b2b-467d-b7fe-0592ee229944,Le risque mécanique,8b8d3770-5ab7-4033-97cb-6d613621d9d5,Les mesures de pre?vention du risque me?canique,60330989-d220-42e5-bc5c-8658f5d8d74e
CAP Cuisine - PSE - L’individu dans son environnement professionnel,d20a1698-7b2b-467d-b7fe-0592ee229944,Le risque électrique,2f652a60-a1b4-41e6-bdc6-8003ae7cefdc,Les conditions du risque e?lectrique,74f77f6e-352c-4845-a4e1-3af27a010583
CAP Cuisine - PSE - L’individu dans son environnement professionnel,d20a1698-7b2b-467d-b7fe-0592ee229944,Le risque électrique,2f652a60-a1b4-41e6-bdc6-8003ae7cefdc,Les formes d’e?lectrisation,b1e0789e-cfb1-46bf-9980-b777889ac99e
CAP Cuisine - PSE - L’individu dans son environnement professionnel,d20a1698-7b2b-467d-b7fe-0592ee229944,Le risque électrique,2f652a60-a1b4-41e6-bdc6-8003ae7cefdc,Les facteurs de gravite?,e20dcd29-33d4-49d5-976c-438d75a95170
CAP Cuisine - PSE - L’individu dans son environnement professionnel,d20a1698-7b2b-467d-b7fe-0592ee229944,Le risque électrique,2f652a60-a1b4-41e6-bdc6-8003ae7cefdc,Les effets du passage du courant e?lectrique,2129204c-f862-4df1-80ed-7985bb7cca7b
CAP Cuisine - PSE - L’individu dans son environnement professionnel,d20a1698-7b2b-467d-b7fe-0592ee229944,Le risque électrique,2f652a60-a1b4-41e6-bdc6-8003ae7cefdc,Les mesures de pre?vention,10ae39ae-898a-4330-a89e-73e44c7c4380
CAP Cuisine - PSE - L’individu dans son environnement professionnel,d20a1698-7b2b-467d-b7fe-0592ee229944,Le risque lié à l'éclairage,65c49eea-874e-4a6e-bd3d-505bcfbadaf0,La nature et les sources de la lumie?re,acd950c9-9b5b-4d5f-a85e-e36912f20a06
CAP Cuisine - PSE - L’individu dans son environnement professionnel,d20a1698-7b2b-467d-b7fe-0592ee229944,Le risque lié à l'éclairage,65c49eea-874e-4a6e-bd3d-505bcfbadaf0,L’e?clairement,e0773830-b41f-45b7-80e3-290cbac3ca06
CAP Cuisine - PSE - L’individu dans son environnement professionnel,d20a1698-7b2b-467d-b7fe-0592ee229944,Le risque lié à l'éclairage,65c49eea-874e-4a6e-bd3d-505bcfbadaf0,Les facteurs du confort visuel,ded983ed-57ed-46a2-992b-023c55041e53
CAP Cuisine - PSE - L’individu dans son environnement professionnel,d20a1698-7b2b-467d-b7fe-0592ee229944,Le risque lié à l'éclairage,65c49eea-874e-4a6e-bd3d-505bcfbadaf0,Le me?canisme de la vision,fedaaf7e-0360-497d-8bc4-33b7b30c0286
CAP Cuisine - PSE - L’individu dans son environnement professionnel,d20a1698-7b2b-467d-b7fe-0592ee229944,Le risque lié à l'éclairage,65c49eea-874e-4a6e-bd3d-505bcfbadaf0,Les effets d’un e?clairage mal adapte?,7af792dd-9d74-40bb-b846-db6974058160
CAP Cuisine - PSE - L’individu dans son environnement professionnel,d20a1698-7b2b-467d-b7fe-0592ee229944,Le risque lié à l'éclairage,65c49eea-874e-4a6e-bd3d-505bcfbadaf0,Les mesures de pre?vention,b7abbbf9-26f3-4737-98a6-871e4b724d78
CAP Cuisine - PSE - L’individu dans son environnement professionnel,d20a1698-7b2b-467d-b7fe-0592ee229944,Le risque incendie,8c6479c7-4af9-435b-a51c-9ac2f5150f69,Le triangle du feu,0a108471-7506-4a39-bdd4-3021727f649e
CAP Cuisine - PSE - L’individu dans son environnement professionnel,d20a1698-7b2b-467d-b7fe-0592ee229944,Le risque incendie,8c6479c7-4af9-435b-a51c-9ac2f5150f69,Les effets d’un incendie sur l’organisme humain,d0b1d8c2-44aa-4c52-a4cc-02ea673a0df6
CAP Cuisine - PSE - L’individu dans son environnement professionnel,d20a1698-7b2b-467d-b7fe-0592ee229944,Le risque incendie,8c6479c7-4af9-435b-a51c-9ac2f5150f69,La conduite a? tenir en pre?sence d’un incendie,c4ba2c9e-e0ed-4817-b6ec-ca4a91a81d40
CAP Cuisine - PSE - L’individu dans son environnement professionnel,d20a1698-7b2b-467d-b7fe-0592ee229944,Le risque incendie,8c6479c7-4af9-435b-a51c-9ac2f5150f69,Les moyens de pre?vention,c7fa59d4-c25d-40cd-bfb3-30f036983409
CAP Cuisine - PSE - L’individu dans son environnement professionnel,d20a1698-7b2b-467d-b7fe-0592ee229944,Le risque lié à la charge mentale,6def80ee-6919-4992-9039-459fb079a4cb,La de?finition de la charge mentale,30c981b3-5061-4a0d-9205-51b4bc9fcc40
CAP Cuisine - PSE - L’individu dans son environnement professionnel,d20a1698-7b2b-467d-b7fe-0592ee229944,Le risque lié à la charge mentale,6def80ee-6919-4992-9039-459fb079a4cb,Les facteurs de surcharge mentale,eccfe03c-0f60-424f-ade3-b33932ee21f1
CAP Cuisine - PSE - L’individu dans son environnement professionnel,d20a1698-7b2b-467d-b7fe-0592ee229944,Le risque lié à la charge mentale,6def80ee-6919-4992-9039-459fb079a4cb,Des mesures de pre?vention,c63d3e87-869c-438a-b34e-c7bf0a2cb6e7
CAP Cuisine - PSE - L’individu dans son environnement professionnel,d20a1698-7b2b-467d-b7fe-0592ee229944,Les déchets,7966f119-e6d2-4527-8b11-9d3b9a06cd1b,La de?finition d’un de?chet,75b33b40-1c33-45f8-8108-570ce0c15df3
CAP Cuisine - PSE - L’individu dans son environnement professionnel,d20a1698-7b2b-467d-b7fe-0592ee229944,Les déchets,7966f119-e6d2-4527-8b11-9d3b9a06cd1b,Les cate?gories de de?chets,bc284b92-6d21-46e7-881f-a4190039ef68
CAP Cuisine - PSE - L’individu dans son environnement professionnel,d20a1698-7b2b-467d-b7fe-0592ee229944,Les déchets,7966f119-e6d2-4527-8b11-9d3b9a06cd1b,L’impact des de?chets sur l’environnement,8d57baa6-24bc-430f-9b08-5eae04ccc22a
CAP Cuisine - PSE - L’individu dans son environnement professionnel,d20a1698-7b2b-467d-b7fe-0592ee229944,Les déchets,7966f119-e6d2-4527-8b11-9d3b9a06cd1b,L’organisation de la gestion des de?chets dans le milieu professionnel,ab21bc16-a2fe-49df-a7c9-67b402966beb
CAP Cuisine - PSE - L’individu dans son environnement professionnel,d20a1698-7b2b-467d-b7fe-0592ee229944,Les déchets,7966f119-e6d2-4527-8b11-9d3b9a06cd1b,Des logos pour informer,67fb286e-cc8c-4b3f-90c1-521ec89f4f11
CAP Cuisine - PSE - L’individu dans son environnement professionnel,d20a1698-7b2b-467d-b7fe-0592ee229944,Les déchets,7966f119-e6d2-4527-8b11-9d3b9a06cd1b,Les mesures pour respecter l’environnement,a31aed75-151b-4dd4-892d-5c66513aad18
CAP Cuisine - Géographie - Nourrir les hommes,cb1ec891-cf9f-4a89-b454-9267fba05ccb,L’insécurité alimentaire : un enjeu majeur et une inquiétude mondiale,57151f07-8527-43e8-8048-c8dd816743ad,Une demande mondiale pressante et croissante,dcd7296f-cef9-4d21-ab9f-505449205ef3
CAP Cuisine - Géographie - Nourrir les hommes,cb1ec891-cf9f-4a89-b454-9267fba05ccb,L’insécurité alimentaire : un enjeu majeur et une inquiétude mondiale,57151f07-8527-43e8-8048-c8dd816743ad,Les révolutions agricoles des années 1960 accroissent les ressources,88175115-2c19-4f07-a0e4-8fb54b5455e6
CAP Cuisine - Géographie - Nourrir les hommes,cb1ec891-cf9f-4a89-b454-9267fba05ccb,L’insécurité alimentaire : un enjeu majeur et une inquiétude mondiale,57151f07-8527-43e8-8048-c8dd816743ad,Des déficits alimentaires régionaux persistent à l’échelle planétaire,a316ef5b-247c-4323-aa63-f0a7c02241b2
CAP Cuisine - Géographie - Nourrir les hommes,cb1ec891-cf9f-4a89-b454-9267fba05ccb,Comment améliorer la gestion mondiale des ressources alimentaires ?,ecff8458-f8ba-4564-b6cc-3b8001fcb8ad,Les limites du productivisme et de l’agrobusiness,2afcd75e-3846-4d26-b308-275c0a62fa82
CAP Cuisine - Géographie - Nourrir les hommes,cb1ec891-cf9f-4a89-b454-9267fba05ccb,Comment améliorer la gestion mondiale des ressources alimentaires ?,ecff8458-f8ba-4564-b6cc-3b8001fcb8ad,"Vers des solutions durables, rentables et plus équitables ?",7cd7ec64-8ce6-4ee2-af15-05273b3c604c
CAP Cuisine - Géographie - Nourrir les hommes,cb1ec891-cf9f-4a89-b454-9267fba05ccb,EXERCICES – Questions de cours,5559610e-267b-428d-ad37-20df295e4633,EXERCICES – Questions de cours,157643d6-49ff-44f0-b49a-3a1cb809fb0e
CAP Cuisine - Géographie - Nourrir les hommes,cb1ec891-cf9f-4a89-b454-9267fba05ccb,CORRIGÉ,7d26a062-4cd0-49cc-ad08-162c95af14c8,CORRIGÉ,1b611f08-1ee0-45af-ad33-a6cafd379c69
CAP Cuisine - Anglais - Le pre?te?rit simple,c418a5e2-fa3b-4c25-b515-4fa3dc554601,Le prétérit simple,ab641a4d-0dfd-467a-b4e7-4b1974540f72,Le prétérit simple,2fa45779-5657-4b65-ba1d-dcb69021d5b2
CAP Cuisine - Anglais - Le pre?te?rit simple,c418a5e2-fa3b-4c25-b515-4fa3dc554601,To be au prétérit,f51f73f0-13d9-4fda-873b-64f24f72d7ce,To be au prétérit,90133818-bda8-4de5-bbbf-1044839121d2
CAP Cuisine - Anglais - Le pre?te?rit simple,c418a5e2-fa3b-4c25-b515-4fa3dc554601,EXERCICES,f6093cc7-7d60-4d99-abe3-ee9c0d23bb56,EXERCICES,c66ac0de-13de-4c0a-8a80-7d8a715cec5b
CAP Cuisine - Anglais - Le pre?te?rit simple,c418a5e2-fa3b-4c25-b515-4fa3dc554601,CORRIGÉ,134c01c1-277f-494f-b84c-f7c879341bbc,CORRIGÉ,b2d4426b-e964-4d26-9492-965e7322f0e3
CAP Cuisine - PSE - L’individu dans son parcours professionnel,bd980ecd-377b-46b6-a49d-66e18d7ea66e,La formation initiale,58662fd9-0b22-40a3-9555-9f917d87b737,Les cursus de formation,7590c956-a8a4-4a68-bd0b-e6cdba177886
CAP Cuisine - PSE - L’individu dans son parcours professionnel,bd980ecd-377b-46b6-a49d-66e18d7ea66e,La formation initiale,58662fd9-0b22-40a3-9555-9f917d87b737,Les niveaux de qualification,81a087ce-4bcc-41f9-b60f-5080ccc5b36a
CAP Cuisine - PSE - L’individu dans son parcours professionnel,bd980ecd-377b-46b6-a49d-66e18d7ea66e,La formation initiale,58662fd9-0b22-40a3-9555-9f917d87b737,La de?finition de la formation initiale,82a3e094-3d30-48d0-9ab1-9db4178893ee
CAP Cuisine - PSE - L’individu dans son parcours professionnel,bd980ecd-377b-46b6-a49d-66e18d7ea66e,La formation initiale,58662fd9-0b22-40a3-9555-9f917d87b737,La voie scolaire et l’apprentissage,f8335dac-6cd4-49c4-acd3-291de284c14d
CAP Cuisine - PSE - L’individu dans son parcours professionnel,bd980ecd-377b-46b6-a49d-66e18d7ea66e,La formation continue et la validation des acquis de l'expérience (VAE),fc5d7956-c7ea-4bfc-a019-19ebad22124f,La formation continue,80bf7338-8a83-48f7-a12b-bbcab5c9524b
CAP Cuisine - PSE - L’individu dans son parcours professionnel,bd980ecd-377b-46b6-a49d-66e18d7ea66e,La formation continue et la validation des acquis de l'expérience (VAE),fc5d7956-c7ea-4bfc-a019-19ebad22124f,La VAE (validation des acquis de l’expe?rience),a91ec319-7f51-4d17-ad9a-a586358944b0
CAP Cuisine - PSE - L’individu dans son parcours professionnel,bd980ecd-377b-46b6-a49d-66e18d7ea66e,La recherche d'emploi,d76a2d43-308b-4c51-acf6-5e23aa11d384,Des structures d’aide,139b914d-c281-4636-8d29-73dd0692f3b0
CAP Cuisine - PSE - L’individu dans son parcours professionnel,bd980ecd-377b-46b6-a49d-66e18d7ea66e,La recherche d'emploi,d76a2d43-308b-4c51-acf6-5e23aa11d384,Les de?marches,fb9a09d7-c971-48b3-b2b7-e3a0853f2772
CAP Cuisine - PSE - L’individu dans son parcours professionnel,bd980ecd-377b-46b6-a49d-66e18d7ea66e,La recherche d'emploi,d76a2d43-308b-4c51-acf6-5e23aa11d384,L’entretien d’embauche,2f1ca2d5-0ab6-430b-a0ea-ba84f2affac5
CAP Cuisine - Sciences physiques - Me?canique 1 : la cine?matique,b87c3da3-3c5f-4d49-9fcc-7941f1c014ae,Le mouvement d’un objet par référence à un autre objet,a3f9c16a-f915-433b-a728-d0b0d0034958,Le mouvement d’un objet par référence à un autre objet,b07619c2-3a50-4a56-acb4-6d14d6a19140
CAP Cuisine - Sciences physiques - Me?canique 1 : la cine?matique,b87c3da3-3c5f-4d49-9fcc-7941f1c014ae,Le mouvement d’un objet par référence à un autre objet,a3f9c16a-f915-433b-a728-d0b0d0034958,Comment reconnaître un état de mouvement ou de repos d’un objet par rapport à un autre objet ?,08a59c2c-f2d6-46c6-90c5-b9f948c3f740
CAP Cuisine - Sciences physiques - Me?canique 1 : la cine?matique,b87c3da3-3c5f-4d49-9fcc-7941f1c014ae,Le mouvement d’un objet par référence à un autre objet,a3f9c16a-f915-433b-a728-d0b0d0034958,Comment observer et décrire le mouvement d’un objet par référence à un autre objet ?,7c15ac43-b6a1-44a7-92b6-d6e5aa1b9a1b
CAP Cuisine - Sciences physiques - Me?canique 1 : la cine?matique,b87c3da3-3c5f-4d49-9fcc-7941f1c014ae,La vitesse moyenne,586d9542-1e14-45ce-94e6-5ddadc17fe95,Comment déterminer expérimentalement une vitesse moyenne (dans le cas d’un mouvement rectiligne) ?,b51a9d10-3e90-4690-bdf1-dcca67d659d3
CAP Cuisine - Sciences physiques - Me?canique 1 : la cine?matique,b87c3da3-3c5f-4d49-9fcc-7941f1c014ae,La vitesse moyenne,586d9542-1e14-45ce-94e6-5ddadc17fe95,Comment utiliser la relation d = v.t ?,09e6d4f3-a2bd-463c-b475-c6e2be5d574d
CAP Cuisine - Sciences physiques - Me?canique 1 : la cine?matique,b87c3da3-3c5f-4d49-9fcc-7941f1c014ae,La fréquence de rotation,57734027-feaf-400d-81c6-f5056397fbe4,Comment mesurer une fréquence de rotation pour un mouvement circulaire ?,d3d6b501-e537-496d-a47f-68b3252e348b
CAP Cuisine - Sciences physiques - Me?canique 1 : la cine?matique,b87c3da3-3c5f-4d49-9fcc-7941f1c014ae,La fréquence de rotation,57734027-feaf-400d-81c6-f5056397fbe4,Comment utiliser la relation v = ?.D.n ?,0e633548-65c3-48e8-8271-bcc742810e75
CAP Cuisine - Sciences physiques - Me?canique 1 : la cine?matique,b87c3da3-3c5f-4d49-9fcc-7941f1c014ae,"Le mouvement accéléré, uniforme, ralenti",9f6b1f28-3cb5-4ae3-8f1c-abab0bf82153,"Le mouvement accéléré, uniforme, ralenti",03f6a133-ce17-4406-814d-2598d4bd78b8
CAP Cuisine - Sciences physiques - Me?canique 1 : la cine?matique,b87c3da3-3c5f-4d49-9fcc-7941f1c014ae,EXERCICES,00b44be5-3cc9-4030-b513-05a8f681804b,EXERCICES,2f628cb5-efe1-4133-ad83-a33599b7e8e3
CAP Cuisine - Sciences physiques - Me?canique 1 : la cine?matique,b87c3da3-3c5f-4d49-9fcc-7941f1c014ae,CORRIGÉ,c1973252-4214-47c3-a759-5243b1d6d936,CORRIGÉ,bd52a34f-209e-4a6c-867d-4d33e92310f2
CAP Cuisine - Mathématiques - La proportionnalite?,b849dc3a-059a-4951-8145-9dc6e7f166ff,Les suites de nombres proportionnelles,8237dcb3-3b70-463b-8217-b5d0788f514d,Les suites de nombres proportionnelles,05e9ec2b-3b92-482e-820c-784562b00c18
CAP Cuisine - Mathématiques - La proportionnalite?,b849dc3a-059a-4951-8145-9dc6e7f166ff,Les suites de nombres proportionnelles,8237dcb3-3b70-463b-8217-b5d0788f514d,Comment traiter des proble?mes relatifs a? deux nombres de suites proportionnelles,881f50b6-262f-4f8f-87cf-8a51a4a37c27
CAP Cuisine - Mathématiques - La proportionnalite?,b849dc3a-059a-4951-8145-9dc6e7f166ff,Les suites de nombres proportionnelles,8237dcb3-3b70-463b-8217-b5d0788f514d,Comment traiter des proble?mes de pourcentages de la vie courante et de la vie professionnelle,94367537-0a27-4bec-bac9-1c4a8a150c16
CAP Cuisine - Mathématiques - La proportionnalite?,b849dc3a-059a-4951-8145-9dc6e7f166ff,Les suites de nombres proportionnelles,8237dcb3-3b70-463b-8217-b5d0788f514d,Exercice 2,78079ccd-d2cb-4e53-b9b9-a4d51347b5ae
CAP Cuisine - Mathématiques - La proportionnalite?,b849dc3a-059a-4951-8145-9dc6e7f166ff,Les suites de nombres proportionnelles,8237dcb3-3b70-463b-8217-b5d0788f514d,Corrigé de l'exercice 2,ff35aa88-aae5-4eef-8351-77485c76ce13
CAP Cuisine - Mathématiques - La proportionnalite?,b849dc3a-059a-4951-8145-9dc6e7f166ff,Les suites de nombres proportionnelles,8237dcb3-3b70-463b-8217-b5d0788f514d,Exercice 6,ba57eacf-ac5c-4c0e-8f3a-b9c6d62243b9
CAP Cuisine - Mathématiques - La proportionnalite?,b849dc3a-059a-4951-8145-9dc6e7f166ff,Les suites de nombres proportionnelles,8237dcb3-3b70-463b-8217-b5d0788f514d,Corrigé de l'exercice 6,83feb9d2-4974-4160-83d3-ac89a54f901c
CAP Cuisine - Mathématiques - La proportionnalite?,b849dc3a-059a-4951-8145-9dc6e7f166ff,La fonction linéaire,a72a3cd0-8ece-4a33-a3b6-7114c795928d,La fonction linéaire,64c732fc-7223-41ff-b3e2-a216b7098040
CAP Cuisine - Mathématiques - La proportionnalite?,b849dc3a-059a-4951-8145-9dc6e7f166ff,La fonction linéaire,a72a3cd0-8ece-4a33-a3b6-7114c795928d,Exercice 8,2a6b0cdb-f6c6-4eb3-9e09-28942a7e2559
CAP Cuisine - Mathématiques - La proportionnalite?,b849dc3a-059a-4951-8145-9dc6e7f166ff,La fonction linéaire,a72a3cd0-8ece-4a33-a3b6-7114c795928d,Corrigé de l'exercice 8,67c437c4-6f91-4498-8ed3-a5fd6da0b59b
CAP Cuisine - Mathématiques - La proportionnalite?,b849dc3a-059a-4951-8145-9dc6e7f166ff,La fonction linéaire,a72a3cd0-8ece-4a33-a3b6-7114c795928d,Exercice 9,24eb0386-15e2-4771-aa6b-18e0bda2cc03
CAP Cuisine - Mathématiques - La proportionnalite?,b849dc3a-059a-4951-8145-9dc6e7f166ff,La fonction linéaire,a72a3cd0-8ece-4a33-a3b6-7114c795928d,Corrigé de l'exercice 9,a8f7a549-fc6c-4ff9-bc8e-d87adc0fc729
CAP Cuisine - Mathématiques - La proportionnalite?,b849dc3a-059a-4951-8145-9dc6e7f166ff,La fonction linéaire,a72a3cd0-8ece-4a33-a3b6-7114c795928d,Exercice 10,4434b91a-ca38-43f0-9d43-86cc513f9b2d
CAP Cuisine - Mathématiques - La proportionnalite?,b849dc3a-059a-4951-8145-9dc6e7f166ff,La fonction linéaire,a72a3cd0-8ece-4a33-a3b6-7114c795928d,Corrigé de l'exercice 10,9129c8ad-d871-4056-b58f-a00d789edb3e
"CAP Cuisine - Enseignement moral et civique - E?galite?, diffe?rences, discriminations",b3c71df4-0e2e-4978-8a83-e22d53eede15,La notion d’égalité : une valeur républicaine et démocratique,302df300-e4b7-4f0e-8154-614ec6cc5fff,"L’égalité, une notion complexe",830f645e-c8fe-4759-af67-35b8477a7a84
"CAP Cuisine - Enseignement moral et civique - E?galite?, diffe?rences, discriminations",b3c71df4-0e2e-4978-8a83-e22d53eede15,La notion d’égalité : une valeur républicaine et démocratique,302df300-e4b7-4f0e-8154-614ec6cc5fff,"Une lente conquête historique, qui se poursuit toujours",ef2282fb-cea6-4a4e-a7c0-836f5d7490f9
"CAP Cuisine - Enseignement moral et civique - E?galite?, diffe?rences, discriminations",b3c71df4-0e2e-4978-8a83-e22d53eede15,Les inégalités et les discriminations de la vie quotidienne,cf319241-c220-483b-a432-6c3e21927caf,Les discriminations sont une atteinte grave aux droits des personnes,f76af5be-bbd2-4f8a-8452-f43326eba6ea
"CAP Cuisine - Enseignement moral et civique - E?galite?, diffe?rences, discriminations",b3c71df4-0e2e-4978-8a83-e22d53eede15,Les inégalités et les discriminations de la vie quotidienne,cf319241-c220-483b-a432-6c3e21927caf,L’État lutte contre les inégalités et condamne les discriminations,5a6ac328-dfe4-42a0-abc2-d91a5b9a0148
"CAP Cuisine - Enseignement moral et civique - E?galite?, diffe?rences, discriminations",b3c71df4-0e2e-4978-8a83-e22d53eede15,EXERCICES – Sujets au choix,c6984f76-9db3-421d-b0fd-01f8bc6d9ae0,EXERCICES – Sujets au choix,288bbd9d-1b7d-46ff-ae31-4d3413815bfc
"CAP Cuisine - Enseignement moral et civique - E?galite?, diffe?rences, discriminations",b3c71df4-0e2e-4978-8a83-e22d53eede15,CORRIGÉ,7fdb7e21-812b-48b5-9bf0-afc84f690504,CORRIGÉ,b6c1cd25-1c66-4ed1-aa32-d91c3bc1fd20
"CAP Cuisine - Histoire - E?tre ouvrier en France, XIXe-XXIe sie?cle",b157cfe1-5d01-4d12-b277-806d6d0b4d2e,Le travail et l’emploi ouvrier en mutation (xixe-xxie sie?cles),4fce5683-6c2c-4fb5-8ba3-505e5ab3f681,L’ouvrier rural et la premie?re re?volution industrielle (1830-1880),5dd0074e-004d-4db8-a166-68f949d9ae4f
"CAP Cuisine - Histoire - E?tre ouvrier en France, XIXe-XXIe sie?cle",b157cfe1-5d01-4d12-b277-806d6d0b4d2e,Le travail et l’emploi ouvrier en mutation (xixe-xxie sie?cles),4fce5683-6c2c-4fb5-8ba3-505e5ab3f681,L’ouvrier d’industrie et la deuxie?me re?volution industrielle (1880-1950),3a032616-f411-4a29-8e61-360768f12c18
"CAP Cuisine - Histoire - E?tre ouvrier en France, XIXe-XXIe sie?cle",b157cfe1-5d01-4d12-b277-806d6d0b4d2e,Le travail et l’emploi ouvrier en mutation (xixe-xxie sie?cles),4fce5683-6c2c-4fb5-8ba3-505e5ab3f681,"Automatisation, robotisation, tertiarisation, pre?carite? (depuis 1950)",d0850657-148c-4788-8600-c53c3f5331f7
"CAP Cuisine - Histoire - E?tre ouvrier en France, XIXe-XXIe sie?cle",b157cfe1-5d01-4d12-b277-806d6d0b4d2e,Le travail et l’emploi ouvrier en mutation (xixe-xxie sie?cles),4fce5683-6c2c-4fb5-8ba3-505e5ab3f681,Exercice : Question de cours,55534c63-ac02-4900-8a88-d96c5f477cff
"CAP Cuisine - Histoire - E?tre ouvrier en France, XIXe-XXIe sie?cle",b157cfe1-5d01-4d12-b277-806d6d0b4d2e,Le travail et l’emploi ouvrier en mutation (xixe-xxie sie?cles),4fce5683-6c2c-4fb5-8ba3-505e5ab3f681,Corrigé : Questions de cours,82c63134-283d-4258-8861-6efa045fb52c
"CAP Cuisine - Histoire - E?tre ouvrier en France, XIXe-XXIe sie?cle",b157cfe1-5d01-4d12-b277-806d6d0b4d2e,Vers une conscience de classe et une culture ouvrie?re (xixe-xxie sie?cles),be1c21a2-d04a-4678-9de5-5fde08452012,Vers une classe ouvrie?re solidaire (1848-1936),27db2010-ba1c-459b-b43b-86afa518a69b
"CAP Cuisine - Histoire - E?tre ouvrier en France, XIXe-XXIe sie?cle",b157cfe1-5d01-4d12-b277-806d6d0b4d2e,Vers une conscience de classe et une culture ouvrie?re (xixe-xxie sie?cles),be1c21a2-d04a-4678-9de5-5fde08452012,De l’engagement politique et syndical au progre?s social (1936-1975),87517c90-d0c4-4fa0-b03c-717571e46b57
"CAP Cuisine - Histoire - E?tre ouvrier en France, XIXe-XXIe sie?cle",b157cfe1-5d01-4d12-b277-806d6d0b4d2e,Vers une conscience de classe et une culture ouvrie?re (xixe-xxie sie?cles),be1c21a2-d04a-4678-9de5-5fde08452012,Le monde ouvrier se fractionne et se tertiarise (de 1960 a? nos jours),738eac0a-ea6c-4254-9072-cc6a2e448f7e
"CAP Cuisine - Histoire - E?tre ouvrier en France, XIXe-XXIe sie?cle",b157cfe1-5d01-4d12-b277-806d6d0b4d2e,Vers une conscience de classe et une culture ouvrie?re (xixe-xxie sie?cles),be1c21a2-d04a-4678-9de5-5fde08452012,"Situation 1 au choix : 1892, Jean Jaure?s et la gre?ve de Carmaux",79d0dd0b-a314-4560-935a-cc1d7eb9f1b6
"CAP Cuisine - Histoire - E?tre ouvrier en France, XIXe-XXIe sie?cle",b157cfe1-5d01-4d12-b277-806d6d0b4d2e,Vers une conscience de classe et une culture ouvrie?re (xixe-xxie sie?cles),be1c21a2-d04a-4678-9de5-5fde08452012,"Corrigé : Situation 1 au choix : 1892, Jean Jaure?s et la gre?ve de Carmaux",bfde54cf-44f7-4035-8fb4-b497e3d694d9
"CAP Cuisine - Histoire - E?tre ouvrier en France, XIXe-XXIe sie?cle",b157cfe1-5d01-4d12-b277-806d6d0b4d2e,Vers une conscience de classe et une culture ouvrie?re (xixe-xxie sie?cles),be1c21a2-d04a-4678-9de5-5fde08452012,"Situation 2 au choix : 1936, les occupations d’usine",b1d62157-2fa2-455f-b419-cfa2faa91b99
"CAP Cuisine - Histoire - E?tre ouvrier en France, XIXe-XXIe sie?cle",b157cfe1-5d01-4d12-b277-806d6d0b4d2e,Vers une conscience de classe et une culture ouvrie?re (xixe-xxie sie?cles),be1c21a2-d04a-4678-9de5-5fde08452012,"Corrigé : Situation 2 au choix : 1936, les occupations d’usine",0da8593f-3ebb-4f1b-909c-0cbcc16da5e9
"CAP Cuisine - Histoire - E?tre ouvrier en France, XIXe-XXIe sie?cle",b157cfe1-5d01-4d12-b277-806d6d0b4d2e,Vers une conscience de classe et une culture ouvrie?re (xixe-xxie sie?cles),be1c21a2-d04a-4678-9de5-5fde08452012,Situation 3 au choix : E?tre ouvrier a? Maubeuge (Nord),b09a09b6-444a-4201-814a-f7ad201de73b
"CAP Cuisine - Histoire - E?tre ouvrier en France, XIXe-XXIe sie?cle",b157cfe1-5d01-4d12-b277-806d6d0b4d2e,Vers une conscience de classe et une culture ouvrie?re (xixe-xxie sie?cles),be1c21a2-d04a-4678-9de5-5fde08452012,Corrigé : Situation 3 au choix : E?tre ouvrier a? Maubeuge (Nord),e2b1752a-bc55-43a3-84b7-d7c15bdba427
"CAP Cuisine - Histoire - E?tre ouvrier en France, XIXe-XXIe sie?cle",b157cfe1-5d01-4d12-b277-806d6d0b4d2e,Vers une conscience de classe et une culture ouvrie?re (xixe-xxie sie?cles),be1c21a2-d04a-4678-9de5-5fde08452012,Situation 4 au choix : Progre?s techniques et transformation des conditions de travail...,5848e6fa-e45a-42c1-9343-65e06ae79fa7
"CAP Cuisine - Histoire - E?tre ouvrier en France, XIXe-XXIe sie?cle",b157cfe1-5d01-4d12-b277-806d6d0b4d2e,Vers une conscience de classe et une culture ouvrie?re (xixe-xxie sie?cles),be1c21a2-d04a-4678-9de5-5fde08452012,Corrigé : Situation 4 au choix : Progre?s techniques et transformation des conditions de travail dans le secteur de l’industrie textile,95b448f4-84ba-4159-b02b-e0900e3be0f3
CAP Cuisine - Enseignement moral et civique - Pluralisme des croyances et lai?cite?,a5c33658-a8e8-4134-9a23-ff1e35deec4a,La lente conquête de la laïcité en France,e91cfeee-a45a-4b8f-a8ee-ef1dd16c486e,La période révolutionnaire et napoléonienne,70e34c2c-f55d-4859-a971-9ed643c65617
CAP Cuisine - Enseignement moral et civique - Pluralisme des croyances et lai?cite?,a5c33658-a8e8-4134-9a23-ff1e35deec4a,La lente conquête de la laïcité en France,e91cfeee-a45a-4b8f-a8ee-ef1dd16c486e,Au xixe siècle : la laïcité comme une arme contre l’Église,0d4d7397-19a2-452f-97b7-40fa70f2077e
CAP Cuisine - Enseignement moral et civique - Pluralisme des croyances et lai?cite?,a5c33658-a8e8-4134-9a23-ff1e35deec4a,La lente conquête de la laïcité en France,e91cfeee-a45a-4b8f-a8ee-ef1dd16c486e,Après 1880 : volonté d’unification républicaine,15f5fc2a-fa0b-4213-9feb-611d5dbe675d
CAP Cuisine - Enseignement moral et civique - Pluralisme des croyances et lai?cite?,a5c33658-a8e8-4134-9a23-ff1e35deec4a,La laïcité au coeur des débats actuels,5f7df748-c89a-471c-a089-58d68d06c968,La laïcité aujourd’hui : des définitions à différents niveaux,26894327-1d89-4db4-bb48-a200f95a99f4
CAP Cuisine - Enseignement moral et civique - Pluralisme des croyances et lai?cite?,a5c33658-a8e8-4134-9a23-ff1e35deec4a,La laïcité au coeur des débats actuels,5f7df748-c89a-471c-a089-58d68d06c968,L’État laïc est sensible au pluralisme des croyances,66c40d2a-d2a1-4a0c-b27f-f3c5f80c97f3
CAP Cuisine - Enseignement moral et civique - Pluralisme des croyances et lai?cite?,a5c33658-a8e8-4134-9a23-ff1e35deec4a,La laïcité au coeur des débats actuels,5f7df748-c89a-471c-a089-58d68d06c968,L’État laïc face à l’intégrisme et aux dérives sectaires,bec409f3-5ded-4ac1-a0f0-585b05afe13f
CAP Cuisine - Enseignement moral et civique - Pluralisme des croyances et lai?cite?,a5c33658-a8e8-4134-9a23-ff1e35deec4a,EXERCICES – Sujets au choix,23f0026b-36a1-4d11-9f59-7c58953ca64f,EXERCICES – Sujets au choix,55855702-7e93-473c-ba43-42e73db89ada
CAP Cuisine - Enseignement moral et civique - Pluralisme des croyances et lai?cite?,a5c33658-a8e8-4134-9a23-ff1e35deec4a,CORRIGÉ,9a394665-9acd-4cc0-8666-3fbeeae33561,CORRIGÉ,d7bc54da-9b93-45b1-a1e5-4e841cf0be56
Être capable de suivre des instructions et donner des consignes,6478c324-724e-4eb4-8610-4e0e30dc3995,Video Time,7f6d9823-c3aa-4bb3-969e-aeda982b7d73,How to Tie a Tie,bf653fa8-9295-4346-9e32-0f4fc7f7c6de
Être capable de suivre des instructions et donner des consignes,6478c324-724e-4eb4-8610-4e0e30dc3995,Video Time,7f6d9823-c3aa-4bb3-969e-aeda982b7d73,How To: Pack Like a Pro,02f6bdef-c48d-41c1-b003-f9ea0bc6de38
Être capable de suivre des instructions et donner des consignes,6478c324-724e-4eb4-8610-4e0e30dc3995,Video Time,7f6d9823-c3aa-4bb3-969e-aeda982b7d73,How to Play UNO,a0c3e92f-a74c-4ede-9e47-66612d79c498
Être capable de suivre des instructions et donner des consignes,6478c324-724e-4eb4-8610-4e0e30dc3995,Video Time,7f6d9823-c3aa-4bb3-969e-aeda982b7d73,How to Make a Harmonica | Science Projects,ed156ed9-b413-48f4-8893-be3dcc44217a
Être capable de suivre des instructions et donner des consignes,6478c324-724e-4eb4-8610-4e0e30dc3995,Video Time,7f6d9823-c3aa-4bb3-969e-aeda982b7d73,How To Master 5 Basic Cooking Skills - Gordon Ramsay,5ac0853a-014e-4e79-8e09-dffc196227db
Être capable de suivre des instructions et donner des consignes,6478c324-724e-4eb4-8610-4e0e30dc3995,Les outils pour donner des instructions,e94c9f4a-677c-49ce-ad28-ae9d8cfa0d04,Donner des instructions grâce à l'impératif,8661a180-6ed7-43ef-bc24-ac1e9651eb91
Être capable de suivre des instructions et donner des consignes,6478c324-724e-4eb4-8610-4e0e30dc3995,Les outils pour donner des instructions,e94c9f4a-677c-49ce-ad28-ae9d8cfa0d04,Structurer ses instructions,1de33feb-14cd-4518-9190-8994f832f111
Être capable de suivre des instructions et donner des consignes,6478c324-724e-4eb4-8610-4e0e30dc3995,Comprendre une consigne,f7027eb5-1e77-4193-9db8-52004e5d3fdb,Les consignes liées à la réalisation de tâches,5ec4f9df-d200-48eb-8a5d-2fdfab4386c3
Exprimer la capacité / possibilité,3a5a1be7-9d3e-4eaa-8cd8-1a49379227f9,Video Time,dc6790fb-3571-484a-9359-69c34cac8fe2,Hey Arnold - Where do you come from Phoebe?,a81e8e15-baff-42a0-ba45-feb53845de28
Exprimer la capacité / possibilité,3a5a1be7-9d3e-4eaa-8cd8-1a49379227f9,Video Time,dc6790fb-3571-484a-9359-69c34cac8fe2,Never Back Down (10/11) Movie CLIP - You Can Do This (2008),24648c7d-3bad-4ea2-9aa1-adba760f5faa
Exprimer la capacité / possibilité,3a5a1be7-9d3e-4eaa-8cd8-1a49379227f9,Outils pour exprimer la capacité,8c9d51a0-00ee-472a-b267-b0652206dabe,Be able to,610acfdc-1afe-417d-b49d-a4d0de12060a
Exprimer la capacité / possibilité,3a5a1be7-9d3e-4eaa-8cd8-1a49379227f9,Outils pour exprimer la capacité,8c9d51a0-00ee-472a-b267-b0652206dabe,Je parle de ce que l’on peut faire en utilisant can,ca211e5a-3f76-4f32-a7f3-1779ac575bbd
Savoir crêper,c00e28fe-f14c-4885-b7b2-7ff549869efe,Les ingrédients,e1852622-44e0-4644-852a-07be6c08955a,Les oeufs,9a3de92a-ce10-4a35-836e-8e47e063de99
Savoir crêper,c00e28fe-f14c-4885-b7b2-7ff549869efe,Les ingrédients,e1852622-44e0-4644-852a-07be6c08955a,Le rhum,4da57bbc-eaea-4f6e-8d70-16e93e72d659
Savoir crêper,c00e28fe-f14c-4885-b7b2-7ff549869efe,Les ingrédients,e1852622-44e0-4644-852a-07be6c08955a,la farine,129c12e0-06a8-41bc-9804-35c0cd2ad4b4
Savoir crêper,c00e28fe-f14c-4885-b7b2-7ff549869efe,La préparation,e1aa2131-630f-4805-8752-f6caee8a20eb,le mélangeage,b985a124-c12c-4a9e-932e-c87712b9e0de
Savoir crêper,c00e28fe-f14c-4885-b7b2-7ff549869efe,Introduction,9e863e6d-8e8a-4e41-b99d-d652d989de54,Introduction à l'art de faire des crêpes,0eb6832d-7522-41f7-82af-546f712f92d5
les crêpes,f2205395-5f83-45ce-b27c-21ba16d3e241,les crêpes,4577d8b9-1ffa-4f5e-8971-7cae7b01d4ea,les crêpes,0f1f7724-f41f-4081-89c6-c6d8238797d7
Vidéo des crêpes,872b24b1-507f-47a1-9444-8e9051ec8db5,Vidéo des crêpes,99eaf0b2-da49-4b36-8b20-ccc17fdc4f60,Vidéo des crêpes,cc324a49-8140-401a-a7a6-ae0e79b2a9b5
